word,count
灰暗,105
圍,102
徳,44
塚,32
桖,27
菓,23
东风,16
多岁,16
嘁,15
着实,14
鯊,14
吿,13
蚕丝被,13
全真,13
噔,13
开市,12
来聊,12
亚太,12
妺,12
别看,11
护膝,10
話梅,10
完条,10
足足,10
霜糖,10
满月,10
麦檬,10
肉燕,10
天秤,10
陀罗,9
犍,9
避不开,9
交手,9
黛珂,9
華人,9
三夜,9
取景器,9
五天,9
世上,8
过段时间,8
整出,8
大大小小,8
课余,8
去一趟,8
春雨,8
贫贱之交,8
跟我来,8
阴待,8
罐头,8
粉云,8
竹山,8
千与千寻,8
频频,8
公交车,8
佛教,8
集邮,8
外貿,8
璀玥,8
梗图,8
困难户,8
明兰,8
瑞拉,8
嬛,8
成精,8
伊肤泉,8
哐,8
女儿国,7
吴昕,7
执行力,7
嫚,7
熙,7
有家,7
憋,7
灰蒙蒙,7
木薯,7
小红书刷,7
五台山,7
双鱼,7
胖得,7
北疆,7
收下,7
芳华,7
两口,7
当爸,6
迷门,6
黄绮珊,6
瞿颖,6
影片,6
挑点,6
闲话,6
指责,6
凌渡,6
南非,6
终日,6
馁,6
上阵,6
老顽童,6
筒子,6
开走,6
垃,6
暴,6
千人同,6
哆嗦,6
搭小裙,6
顾青,6
裴,6
份儿,6
同道,6
宮脇咲,6
味万人,6
连随,6
死活,6
娘家,6
智雅,6
小率,6
戒糖,6
好能,6
存档,6
漳州,6
悠,6
一招,6
催命,6
双内,6
降雄,6
多公里,6
察觉,6
十周年,6
困住,6
鸢语,6
解法,6
荡秋千,6
犯错,6
出勤率,6
打了个,6
织趣,6
提早,6
不下雨,6
乙骨忧,6
日夜,6
龙葵,6
奇闻,6
失恋,6
茉初,6
蠻,6
刨冰,6
核桃,6
拍拍手,6
株洲,6
烤火,6
呐喊,6
天儿,6
洌,5
哥们,5
上百,5
景致,5
傩,5
海德,5
宿,5
发觉,5
困,5
急需,5
三刷,5
车水马龙,5
椿风,5
有多爽,5
下辈子,5
早上好,5
牛肉干,5
惊是,5
妹版,5
修狗们,5
三森,5
女主甜,5
份人设,5
电次,5
杯口,5
酷兒味,5
脱俗,5
有福气,5
总爱,5
管理者,5
得意忘形,5
雨崩,5
被动,5
钟,5
容容,5
变丑,5
企业家,5
秀一秀,5
进窗,5
人不骗,5
发展局,5
苹果酒,5
錾,5
些小,5
必迈,5
溏,5
心蛋,5
活元,5
痨,5
名义,5
五谷,5
厚道,5
海浪声,5
三福三福,5
愚蠢,5
供选,5
醪糟,5
告知,5
内陆,5
卓睿,5
感太强,5
更让人,5
陈勋,5
穹,5
吉他手,5
维也纳,5
日合辑,5
更何况,5
外星人,5
两日,5
三十多岁,5
有层,5
零百,5
唇漆,5
总有一天,5
地素,5
常在,5
下岁,5
有刷,5
这大,4
可怜,4
跶,4
還蠻,4
入超,4
第四件,4
恤配,4
孔雀,4
比比,4
万万岁,4
枉费,4
酷炫,4
龙凤胎,4
清风徐来,4
闽味,4
土耳其,4
臭干子,4
否极泰来,4
客好物,4
自知,4
咋啦,4
小帅哥,4
祝你开心,4
多万,4
妻感,4
赶,4
四平,4
柿柿,4
欲擒故纵,4
火鸡,4
很难说,4
拨,4
搜集,4
民福,4
尿,4
补品,4
子服,4
劳伦平,4
客必,4
最爱大胸,4
桂林,4
大福,4
汪汪,4
襪套,4
饭要,4
栅栏,4
爹地,4
粗现,4
全棉安,4
六年,4
自当强,4
眼花缭乱,4
粤语,4
动力学,4
热心,4
南洋,4
凝光,4
铝丝,4
自诩,4
鹅蛋,4
拜,4
我个,4
形影不离,4
很麻,4
超极,4
直视,4
奥体中心,4
祥龙馈,4
賊,4
很瓜,4
锵,4
录取,4
繁花似锦,4
倒春寒,4
骗子,4
太远,4
怒买,4
寥寥,4
成树,4
飞帆,4
人大,4
偷得浮生,4
飞鹤星,4
外地,4
回想起来,4
式微,4
迈过,4
馄炖,4
而川,4
调料,4
抬起,4
震,4
坦桑,4
王菲,4
疗愈场,4
月末,4
远山,4
恶作剧,4
四组,4
响应,4
很感兴趣,4
土狗,4
风象,4
该死,4
学识,4
好几套,4
深海鱼,4
融洽,4
啥时候,4
粗粝,4
好几条,4
山高路远,4
天生一对,4
淅淅沥沥,4
闲来无事,4
蓝恩,4
请个,4
心得体会,4
初履,4
芙莉莲,4
雨要,4
不肯,4
开学日,4
左转,4
人行,4
大爪,4
芙蓉,4
转折,4
韩系泰,4
做法,4
假哩,4
真相,4
显摆,4
人加,4
晶硕,4
幽默感,4
后裔,4
生去,4
大蒜,4
一连串,4
野炊,4
看不完,4
膘,4
小王子,4
手编,4
上化,4
检验,4
溪流,4
浅学,4
双香,4
敢不敢,4
包涵,4
噂,4
无情,4
李相夷,4
雅顿,4
节约,4
网吧,4
竞选,4
草纪,4
国展,4
一说,4
灰雾,4
粉胶,4
终究会,4
发扬光大,4
有多美,4
家门,4
孤单,4
行大运,4
凉飕飕,4
世理奈,4
佐丹奴,4
卡嚓,4
下蕉,4
半山腰,4
某人,4
衣来,4
确诊,4
少林拳,4
尊嘟超,4
全拿,4
见山见,4
别太美,4
优可舒,4
走掉,4
指甲刀,4
表参道,4
换新颜,4
寒山寺,4
主话,4
宁次,4
圆管,4
老布,4
撕乐,4
裤裆,4
天翻地覆,4
五毒,4
下五光,4
留住,4
尽怜,4
秾,4
植愈,4
老宋,4
团花,4
崇礼,4
失约,4
红榴初,4
飘花,4
国际化,4
某,4
长江,4
过次,3
第一贴,3
潮到,3
涩味,3
赛立,3
复力,3
冲满,3
及川彻,3
领假,3
冰皮显,3
汹涌,3
崎岖,3
甘露,3
杨枝,3
悠闲地,3
饮米,3
戳戳,3
起时,3
闷得,3
预感,3
挨打,3
咯好,3
改革,3
侵权,3
遗漆,3
买卖,3
环境影响,3
薯别,3
爱会,3
过客,3
顺产,3
千千结,3
柜,3
三潭印月,3
清冽,3
水见,3
电视节目,3
冰莓粉,3
不悟,3
终使,3
微弱,3
一封,3
六便士,3
敬请,3
灌输,3
伺候,3
正官,3
太像,3
扣紧,3
医诗,3
粗有,3
面要,3
赛事,3
地带,3
层楼,3
周遭,3
带件,3
帕尔马,3
吹冷气,3
能复,3
哈佛,3
凡圣,3
熨,3
无非,3
点去,3
乐旷,3
亦可,3
无缘无故,3
讨个,3
記錄,3
炸弹,3
催促,3
鬼迷,3
打喷嚏,3
颠奶,3
人流量,3
泰绝,3
无数张,3
沉甸甸,3
财运,3
难得一见,3
总感,3
系霸,3
适走,3
骷髅,3
领军人物,3
叽喝,3
孟佳,3
艾米,3
张籽,3
拉卡,3
交出,3
漂不,3
唯物主义者,3
随风而逝,3
真沙,3
消逝,3
之沙,3
护具,3
四胎,3
交上,3
展翼,3
捣蛋,3
未尽,3
抽空来,3
店有,3
名声,3
顶得住,3
症犯,3
迷死,3
没招,3
组有,3
不紧不慢,3
带灯,3
超久充,3
物乎,3
真的假,3
指甲剪,3
餐巾纸,3
衣架子,3
梳妆镜,3
睡午觉,3
能省,3
随到,3
剧吃,3
白脸,3
咖喱,3
节买,3
全麻,3
好省,3
坝,3
李子,3
焼,3
鳥金,3
好意思,3
雲樺,3
校庆,3
水果店,3
腹,3
人自,3
歉,3
买票,3
多小众,3
顶小众,3
过岁,3
一毛,3
伊达,3
先放,3
专营店,3
斜纹,3
蕖,3
东大街,3
障眼法,3
重新认识,3
服快,3
触碰,3
三颗,3
别打我,3
搭新,3
只取,3
服啦,3
羊肉,3
点前,3
涟,3
酣畅淋漓,3
素颜照,3
助力,3
讯号,3
台州,3
夹卷,3
强烈建议,3
电马,3
戴过,3
福特,3
我接,3
第期,3
四川人,3
大盘,3
摆尾,3
首富,3
大峡谷,3
偶得,3
信念,3
下一场,3
溺水,3
黄海,3
様,3
牵着,3
悠享,3
就会变,3
树外,3
尼尼,3
中国娃娃,3
美衣来,3
值得一提的是,3
墓穴,3
盐湖,3
多为,3
哈拉,3
马特鲁是,3
拍尊嘟,3
胖遮肉,3
外型,3
补补,3
倒闭,3
别卡,3
本大,3
土壤,3
换货,3
往死里,3
京城,3
口音,3
脏乱,3
小鸟,3
夢,3
精神病,3
特爱,3
坠配,3
隔天,3
帐号,3
御飒装,3
作文,3
干劲,3
這次,3
顺毛,3
繡,3
烫脚,3
梦到,3
牛街,3
中间人,3
尝到了,3
妆奁,3
违规,3
林妹妹,3
逛个,3
恐龙岛,3
喫,3
不理,3
不吭声,3
色超,3
肤感极,3
出沟,3
感不赶,3
接到,3
高元寺,3
帝王,3
把握住,3
厨师,3
小吃摊,3
坎,3
滑雪板,3
過膝,3
五六次,3
日記,3
誇,3
三盒,3
啪啪,3
难养,3
落差,3
周柏豪,3
挨骂,3
什麼,3
上野,3
硬伤,3
惠州,3
跃动,3
家小,3
运球,3
胯下,3
桜,3
远征,3
一大批,3
完全同意,3
风土人情,3
犀利,3
派送,3
八零后,3
揣着,3
荣光,3
淡定,3
胡说八道,3
插播,3
乐绒绒,3
种系法,3
赶时髦,3
唷,3
揭盖,3
姝,3
今朝,3
封,3
吉超,3
第二场,3
阿凡,3
初到,3
看辣,3
哀悼,3
叽叽喳喳,3
嫁人,3
思来想去,3
二三,3
沙特阿拉伯,3
一望无际,3
阴郁,3
上档次,3
关机,3
手提箱,3
青稞,3
大圣,3
木户,3
中变,3
锻炼身体,3
中哈,3
青桑,3
得以,3
避让,3
顿挫,3
三八,3
渡口,3
但求,3
网站,3
再来一个,3
一片片,3
试车,3
选配,3
落潮,3
看日,3
仨,3
精神负担,3
绑侧,3
芽,3
斑斑点点,3
健康成长,3
中是,3
第六代,3
第一印象,3
未欧,3
发半扎发,3
五星,3
少时,3
马赫,3
路上车,3
这边儿,3
辣子鸡,3
沟门,3
前录,3
起范,3
老早,3
准备就绪,3
我放,3
生小众,3
值不值得,3
铝,3
来发发,3
社懶,3
坚尼地,3
乐意,3
伞帽,3
日月山,3
轻抚,3
丢三落四,3
颤抖,3
金饭碗,3
老屋里,3
尾货,3
洗出来,3
闹钟,3
聊時,3
弗里,3
裝周,3
不自在,3
冻伤,3
太过分,3
小蓝,3
巴宝莉,3
十指,3
庸俗,3
多汗,3
阿富汗,3
猛夸,3
龙兴寺,3
自年,3
时间跨度,3
全家人,3
砍价,3
高原地区,3
圆方鞋,3
咋办,3
头脑清醒,3
旁观者,3
对此,3
高频率,3
雷电,3
取胜,3
高反,3
没抱,3
貂蝉,3
诗语,3
大部份,3
扫堂腿,3
港一港,3
遭受,3
梦寐以求,3
以茶,3
王阳,3
西岸,3
回事,3
收敛,3
香港电影,3
盼望着,3
困困,3
簡單,3
邮局,3
瞬,3
护卫队,3
赤诚,3
若有情,3
思密菲,3
迷藏,3
虚荣,3
一梦,3
川菜馆,3
屋漏,3
劳模,3
博朗系,3
打麻将,3
一项,3
梅雨季,3
长存,3
只带,3
管它,3
流过,3
联欢,3
矮子,3
胖乎乎,3
跑跑跳跳,3
件套,3
不亚于,3
添衣,3
满屋,3
酸爽,3
李昊,3
髮,3
河谷,3
水乳善,3
毕业论文,3
候机,3
帅得,3
美宝莲,3
哼哼,3
豁,3
需用,3
眷恋,3
八面玲珑,3
罗卡角,3
再剪,3
有财,3
自愿,3
葬送,3
猛猛,3
菌菌,3
接招,3
秀才,3
脚丫子,3
带太多,3
很土,3
小卡学,3
刚考,3
野口,3
很爱正,3
跑车,3
地会,3
边缘化,3
白加,3
本打,3
纳米,3
勇,3
车主,3
谢邀,3
资历,3
芭蕉叶,3
聊一聊,3
爸爱上,3
唇线,3
任命,3
有变,3
相亲相爱,3
岙,3
橘棕,3
惶恐,3
沢,2
团团转,2
共进退,2
考证,2
三千万,2
压襟,2
心宅家,2
黑哥家,2
韩牌,2
一匹,2
条新,2
咸香,2
财运亨通,2
当今,2
远眺,2
干掉,2
请多关照,2
厮守,2
相扣,2
防雾,2
说道,2
养老,2
崖,2
赋,2
五福临门,2
桑,2
义同款,2
绝辣,2
后座力,2
桃花坞,2
送信,2
满蕴,2
孔夫子,2
揭示,2
人够,2
越拉风,2
这群,2
副会长,2
揣福,2
山地,2
首度,2
同场,2
万石坞,2
配在一起,2
腊肠,2
这群人,2
律界,2
毛头,2
搭索,2
没个,2
太响,2
僧人,2
诵经声,2
一嘴,2
淹,2
谈谈,2
康尼,2
但值,2
获奖,2
照法,2
缝人,2
三角形,2
两三点,2
五十里,2
陈老师,2
棍,2
更稳,2
短枪,2
内双,2
美鱼,2
归零,2
羽絨服,2
小羊皮,2
荼,2
车速,2
缝格纹,2
第四次,2
挡风玻璃,2
照是,2
谣,2
演两集,2
东升,2
视客,2
等餐,2
颁,2
屏大,2
脱出,2
迷不死,2
笑醒,2
山庄,2
靴太有,2
衣雪,2
领秀,2
难逃,2
零花钱,2
有金喜,2
空墙,2
生手,2
讲师,2
金钞,2
任选,2
一人当,2
鵝,2
战,2
乖泰有,2
黑天,2
鹿嘴,2
绝太显,2
啄木鸟,2
别白,2
伦萨,2
弗洛,2
受小红书,2
姐摇人,2
法眼,2
一旁,2
请奈雪,2
灯牌,2
脸妆面,2
本想,2
吃饱喝足,2
雾太大,2
第二杯,2
过错,2
侠客,2
运动员,2
雪后,2
惟以,2
大招,2
邢菲学,2
卢昱晓学,2
卢昱晓,2
盲猜,2
双糕,2
步步高升,2
登高,2
买嘟,2
但雨中,2
巨减龄,2
精小,2
桃胶,2
肝藏,2
快末,2
双联,2
柴火,2
上翠贝卡,2
乍浦,2
包壳,2
龙甲,2
粘贴,2
亩,2
最累,2
有礼,2
靴尊,2
悬浮式,2
偏大哟,2
两口气,2
用个,2
台车,2
当死宅,2
幸士,2
卧蚕,2
坐火车,2
莺,2
很貌,2
感条,2
增减,2
完花,2
南舟,2
过接,2
弥生,2
草间,2
当夏,2
麦穗,2
高热量,2
多雨,2
沃霍尔,2
搭遍,2
油茉珂,2
押韵,2
米田,2
小凉,2
河原温,2
知子,2
疯玩,2
选粉,2
有缘,2
身死,2
方不,2
头百搭,2
系快,2
添点,2
时間,2
憋足,2
方觉,2
白蛇传,2
最爱小众,2
花块化,2
多痛,2
太美太,2
四十岁,2
海砂,2
二十周年,2
秦爱毯,2
八十岁,2
小青,2
期間,2
系狗,2
束腿裤,2
艾特好,2
弹奏,2
变感,2
时织,2
纱撑,2
加官,2
莉莉丝,2
风做,2
迸发出,2
生死,2
健国潮,2
妾,2
杨柳,2
难搞,2
跑腿,2
清闷,2
羊豹,2
中環,2
朱迪夏奇,2
阪急,2
肥美,2
接当,2
点下,2
感噜,2
伊势,2
滴怕,2
第一部,2
晴空,2
感棒,2
风一学,2
佳节,2
昨年,2
念想,2
压岁钱,2
佳肴,2
争做,2
饭店,2
绀格,2
休日,2
风周,2
知风,2
泪点,2
从今天起,2
卯华,2
徐家汇,2
开胃菜,2
金量,2
颜时,2
波士顿,2
大林,2
兔葵,2
滴溜溜,2
豆灰羽,2
春高,2
闹脾气,2
安迪,2
单是,2
全系,2
夏要,2
多维,2
巴朵,2
摘下来,2
破产,2
配飾,2
抵,2
冰上,2
函数,2
近义词,2
醒狮,2
三人组,2
赵小丁,2
梳头发,2
分站,2
良好形象,2
逛三福,2
我整,2
谭洞,2
小巧玲珑,2
车开,2
奶油小生,2
旅游景点,2
消融,2
衣天菜,2
步履,2
十二月份,2
面向未来,2
川大,2
变美雍禾,2
优秀作品,2
两日游,2
托班,2
丝毛新,2
洞待,2
小缤果,2
无形中,2
练就,2
桥下,2
盛产,2
打法,2
多位,2
新垣,2
太拼,2
大裤,2
休想,2
梵蒂冈,2
结衣,2
寒手游,2
延到,2
上流社会,2
环奈,2
出智驾,2
桥本,2
来卷,2
熊才,2
害惨,2
周扬青,2
服太,2
十大,2
这搁,2
宫斗,2
亚雲頌,2
闺女,2
不爱露,2
揽,2
三等,2
奇香,2
善用,2
艺术性,2
江澄,2
镯,2
摇荡,2
瑞,2
季度,2
太美噜,2
亭亭,2
权貴富,2
貴清貴,2
摘牙套,2
人光,2
朦朦胧胧,2
键入,2
整牙后,2
作客,2
说金,2
喜迎,2
人口,2
双龙纹,2
包场,2
村里人,2
逃不掉,2
变双,2
美耶,2
欢小清,2
既静,2
纷扰,2
延庆,2
尘世,2
比带,2
开灯,2
四万,2
小唐,2
天是,2
落伍,2
唐宋,2
俑,2
复婚,2
女娘,2
淡忘,2
腕上,2
四百,2
人不多,2
镀铬,2
我人,2
一口袋,2
数到,2
鞭策,2
夸太会,2
濾镜,2
铃练,2
欺骗,2
后果,2
当狗,2
平安无事,2
紫显,2
序章,2
兜里,2
两泵,2
北京市,2
广西北海,2
北门,2
有古早,2
含妞,2
其抗,2
充次,2
插线,2
七情六欲,2
第一颗,2
无暇,2
无价之宝,2
滑落,2
璨,2
原住民,2
小跑,2
尝,2
矮矮的,2
工地,2
没装,2
很出,2
立中,2
蔓樱,2
二十几度,2
新开业,2
壳度,2
乍暖,2
乍寒,2
华发,2
老外,2
丰宁,2
心如止水,2
数不胜数,2
坝上,2
咸着,2
吸力,2
热那亚,2
艺金龙,2
国博衍,2
硬线,2
特特,2
何德何能,2
圳,2
几千个,2
抽盲,2
尖叫声,2
不输大,2
各项,2
不磨,2
感照,2
算命,2
刀口,2
从告,2
套甜酷,2
金纺金纺,2
先看,2
旺季,2
潮维密,2
电视台,2
享装,2
制品,2
制参,2
台才,2
挤拉出,2
爱单,2
有花,2
短短几天,2
滑沙,2
滑道,2
疲倦,2
枝头,2
后养,2
里子,2
好几位,2
无忌,2
雷焦,2
烦闷,2
运作,2
前途,2
转为,2
会输,2
久远,2
温中散,2
止痛,2
活血,2
日报,2
维亚,2
叫住,2
三充,2
屁,2
变现,2
仙剑,2
奇侠传,2
想一想,2
易皱,2
下逢,2
嘀嗒,2
吃辣条,2
耿直,2
能全,2
赠人,2
戴同款,2
佛前,2
充满信心,2
碧蓝,2
能生,2
吸下去,2
包墩,2
旁晚,2
无疾,2
爆水,2
超倍,2
手有余香,2
闷汗侧,2
合影留念,2
这几天来,2
贵人,2
曼波后,2
血槽,2
见哈,2
全说,2
晚秋,2
桧木,2
解解,2
心好,2
挑花,2
过带,2
挣,2
土人,2
植物油,2
出对,2
观摩,2
不谙世事,2
门出,2
八学霸,2
蒙恩,2
共用,2
吃香,2
体闺蜜照,2
营业额,2
熟络,2
超多人,2
新国潮,2
仙人掌,2
肩不掉,2
哪部,2
神吐槽,2
采石场,2
粉水日,2
晶硕美瞳,2
晶硕日,2
罗纳,2
潜伏,2
蒜头,2
老博主,2
百香,2
麻薯,2
描写,2
搭织,2
头来,2
生叠,2
药染,2
氤氲,2
产生共鸣,2
我流,2
不太可能,2
新任,2
三秒钟,2
第五件,2
第集,2
不大不小,2
赐予,2
嗮,2
第六件,2
几类,2
双高,2
不太对,2
尊强,2
遍地,2
德瓦,2
脸小为,2
各取所需,2
銭,2
糖浆,2
明儿,2
急支,2
子路,2
泥泞,2
翟,2
毛絨絨,2
汉口,2
巨富,2
越野车,2
几字,2
真不少,2
之歌,2
冬游,2
订婚宴,2
小迪回,2
就会练,2
张脸,2
人际交往,2
人情事故,2
洞作,2
光谷,2
长网,2
暖宫,2
感太,2
黄谣,2
二房东,2
不锁装,2
紫灰,2
百搭遮肉,2
朝朝暮暮,2
如诗,2
入盒,2
内种,2
简风百,2
款白恤,2
我怒,2
选顶,2
乐事,2
嫂,2
深藏不露,2
班里,2
减速带,2
帝政裙,2
六五,2
同岁,2
第一种,2
小们,2
线高,2
过万,2
第二种,2
救大命,2
露思妹,2
亲故,2
泼,2
一客,2
凹凹,2
戴久,2
入耳式,2
杯套,2
痴情,2
费老劲,2
季上,2
垫底,2
喜气,2
颐莲高,2
抢走了,2
长期性,2
开溜,2
灰别,2
总统府,2
达美,2
亚人,2
放上来,2
大摩,2
抛弃,2
胆量,2
存钱,2
丰翔,2
只开,2
轮换,2
上工,2
智秀,2
苏绣,2
老头,2
青甘大,2
玉琼,2
串起,2
作乐,2
曲面,2
頭,2
敲米,2
比宝,2
台词,2
科研,2
万聖節,2
异界,2
罐和软,2
甜御肉,2
翘班,2
晗,2
我拉回,2
卫衣来,2
记着,2
解释一下,2
有始,2
拆穿,2
我嘘,2
嵌入,2
活法,2
赋能,2
泪珠,2
打倒,2
蒸腾,2
旷,2
现买,2
晒过,2
来度,2
心已,2
拿得起,2
偶都,2
犯困,2
翩翩,2
过生,2
修读,2
比狗,2
长生不老,2
手写板,2
於,2
带电,2
苡,2
撒哈拉,2
人学,2
佛学,2
捡起,2
佛像,2
冷想,2
噠,2
昘,2
霆,2
襪子,2
情家,2
动漫画,2
情衣,2
皱眉,2
胳臂,2
灰显,2
一干二净,2
全世爱,2
宽景,2
感妆容妆容,2
指正,2
篇文章,2
哈药,2
拨动,2
心窝子,2
看成,2
滑雪鞋,2
雪板,2
捉摸不透,2
襪肉,2
固定器,2
小護士,2
赛季,2
录着,2
要断,2
屁垫,2
朝前,2
只在乎,2
柏豪,2
偏黄,2
一千倍,2
无依无靠,2
很難,2
相比之下,2
视若,2
落下去,2
裂缝,2
误闯,2
是度,2
石窟,2
好几遍,2
诗序,2
孤僻,2
聃,2
潘周,2
期中,2
我图,2
天安门广场,2
拂晓,2
用不完,2
摸清楚,2
资产,2
舒活,2
乐子,2
疏松,2
光化,2
拍写,2
吉晚,2
方位,2
人皆有之,2
西康,2
望见,2
礼品袋,2
招扎,2
迈着,2
语气,2
方方面面,2
婚期,2
版马面,2
盘头,2
橄榄树,2
滴话,2
嘁嘁子,2
很耗,2
歌莉婭,2
买噜,2
台前幕后,2
手小白篇,2
抚蝶,2
妆新,2
通红,2
去学,2
这两点,2
千千万万,2
荑,2
飘零,2
妖娆,2
补漏,2
含维,2
猪婆,2
寒性,2
小白变,2
颓,2
维铁,2
梦幻般,2
含铁,2
三十件,2
狂炫夏款,2
越活,2
爱仕,2
阳光充足,2
大盒,2
提取液,2
后半生,2
交易,2
理气,2
拍光,2
通络,2
有着落,2
绝平替,2
盛景,2
任职,2
数年,2
这祝,2
三斤,2
窍门,2
即能,2
喽点,2
电瓶,2
绮遇,2
明星脸,2
接房,2
多吃含,2
充能,2
难耐,2
柿子树,2
墨雨,2
云间,2
宝蓝,2
吸金,2
奶盒,2
狂魔来,2
很爱极,2
包被,2
雨落,2
雨色,2
躲过,2
蓝瓦,2
面中,2
天知道,2
多天,2
皿,2
拱墅,2
三段,2
耀上,2
喝飞鹤,2
愚人节,2
省略,2
之分,2
八九,2
偏高,2
降暑,2
野性难驯,2
背靠,2
鹤小飞,2
油光,2
叨叨,2
中学生,2
越夜,2
快游,2
晚婚,2
旷课,2
獸,2
住校,2
红火,2
迎龙年,2
外婆家,2
寄人篱下,2
毫无疑问,2
通牒,2
热电子,2
散漫,2
赞助商,2
三关,2
碧色,2
高地,2
中国美术学院,2
风高智感,2
风低,2
逃出,2
祈年,2
哪算,2
冻结,2
戀痛症,2
小桥,2
慕之星,2
控超,2
伊妍,2
连坐,2
职得,2
先聊,2
张口,2
曲解,2
小惩大诫,2
事于,2
偏颇,2
有失,2
情急,2
支持者,2
穿能,2
胖过,2
化缘,2
小常识,2
离婚,2
低着头,2
爆爽,2
欺负,2
拍噜,2
已成,2
阳,2
订婚戒指,2
乌斯,2
莫比,2
淀粉,2
貌,2
患上,2
定数,2
砵,2
可琦安,2
必有,2
出品人,2
土过,2
字眼,2
土在,2
处斤,2
徜徉,2
系小裙,2
雨骤,2
风疏,2
缎感,2
蔓发,2
待定,2
将尽未尽,2
灰到,2
残酒,2
听泉,2
竹下,2
风吟,2
赞成,2
当闺蜜,2
陋室,2
黄金周,2
红砖墙,2
坚定不移,2
浓睡,2
卷帘,2
季末,2
咚锵,2
这风,2
庸庸,2
简轻奢,2
穿放,2
小绿褂,2
儿香,2
国门,2
长压,2
压皱,2
排座位,2
争坐,2
实车,2
同屏,2
开成,2
春招,2
强超,2
勃,2
青春期,2
黝黑,2
连续性,2
胸收,2
咸湿,2
小银珠,2
灰贝珠,2
大版卫衣,2
洗多,2
众生,2
闲,2
喀什米尔,2
书脊,2
铭文,2
遗嘱,2
攒着,2
阿尔伯特,2
瓦解,2
文亮,2
内筒,2
扫除,2
暴美大爪,2
硬度,2
学问,2
全掌,2
博览会,2
星期一,2
粗星,2
冻得,2
蓝系,2
原美,2
不绒,2
置疑,2
六年级,2
二年级,2
北京城,2
首播,2
过眼,2
份显,2
甜弟,2
油烟,2
按掉,2
菀,2
静安区,2
一条条,2
万寿菊,2
小瞧,2
常伴,2
湿纸巾,2
鸡蛋花,2
日常用品,2
深得,2
过活,2
酒终,2
睁开,2
踩点,2
越到,2
同载,2
污染,2
变黑,2
温情,2
相拥,2
太对,2
这此,2
填,2
瓦房,2
爽歪歪,2
科修,2
纯净水,2
少年人,2
采办,2
承人,2
变河童,2
艾笠,2
恼人,2
无遮挡,2
子夏油杰,2
不儿,2
撕破脸,2
淘气,2
踢死,2
只觉,2
面临,2
款恤,2
破口大骂,2
破案,2
无言,2
别哭,2
绝唱,2
领个,2
僧味,2
宅人,2
不论如何,2
传闻中,2
餐位,2
各位朋友,2
猜中,2
盲,2
骂人,2
牢骚,2
相近,2
师来,2
多一分,2
得益于,2
翻腾,2
不值一提,2
紧包,2
下勒,2
西周,2
一言九鼎,2
大红,2
苹裹,2
嫌小,2
文章,2
争议,2
奢靡,2
平民,2
窟,2
笑盈盈,2
炒鸡显,2
案子,2
妥当,2
晶石,2
填鸭,2
帝素,2
泉,2
雄狮,2
营养品,2
白养,2
养养,2
巴克,2
哪顶,2
拟,2
四篇,2
凄凄切切,2
过妆,2
将进酒,2
斯普雷,2
苾,2
莱宝,2
爆夸,2
卫衣阔,2
真光,2
胖头陀,2
低保真,2
船上,2
改啦,2
抽身,2
顶顶,2
待办,2
之手,2
馍,2
始终保持,2
消费行为,2
相隔,2
帥,2
鸭板,2
下溪村,2
不服气,2
指长加,2
小妞,2
南海,2
舞来,2
徐湫,2
天气晴好,2
力求,2
圣泉,2
十五分钟,2
五家,2
方灿,2
金晟玟,2
韩知城,2
李龙馥,2
徐彰彬,2
黄铉辰,2
李旻浩,2
梁精寅,2
人想,2
起哄,2
炎热夏日,2
拍小,2
仔鞋,2
洞人,2
压在心底,2
才能救,2
卖货,2
信条,2
恰当,2
动又动,2
赤裸,2
倒水,2
枯萎,2
木夕大里,2
海洪,2
启运,2
路段,2
长窄,2
收腰粉,2
问半裙,2
未化,2
将化,2
比厚款,2
黄暖,2
唾液酸,2
每鲜炖,2
吃享,2
爆爆珠,2
为养,2
橘猫,2
游超累,2
游即,2
巷尾,2
于轻,2
质体,2
因是,2
精华素,2
中西,2
舊時,2
难能可贵,2
积压,2
直抒胸臆,2
赞扬,2
套妆造,2
来来来,2
硬美,2
别限,2
联考,2
盛暑,2
驯,2
人脉薯,2
一下脸,2
颜颜,2
偏酒,2
导流,2
安陵,2
之色,2
无辜,2
弄断,2
叮请,2
伸向,2
招招手,2
要养,2
两三斤,2
告终,2
光明顶,2
风快,2
饵,2
连麦,2
晚八点,2
懦怯,2
剔透,2
饶有,2
玩开,2
更爱去,2
心理医生,2
惹养,2
品牌服装,2
边用,2
某品,2
稚气,2
特指,2
存照,2
不难看出,2
露肉,2
看哇,2
阿飘,2
商贸,2
呆里呆气,2
好丑,2
肖恩,2
姐化,2
打耳骨版,2
万州,2
无暇顾及,2
迂回,2
惊奇,2
感觉得到,2
雷暴雨,2
还亮,2
抢走,2
档百来,2
看外,2
太丑,2
悬溺,2
奶子,2
小点,2
冲款,2
嘟盲,2
烂尾,2
可快,2
冰丝款,2
御御风,2
不道德,2
双中,2
服大,2
中大促,2
小雷,2
套超,2
比爱住,2
琴瑟,2
先发个,2
客家,2
定南,2
国服,2
车胎,2
诘,2
撕漫,2
普男,2
星期天,2
槐序,2
未雨,2
三百年,2
巫一族,2
极智,2
趁空,2
左下家,2
刷过,2
转载自,2
猎犬,2
贵阳,2
炸场,2
新锐,2
建业,2
橘灰撞色,2
新一波,2
敲舒胡,2
喉咙,2
喷着,2
粘膜,2
咽,2
红榆,2
喉咙干,2
太大咳,2
收假,2
感太好,2
快宅家,2
发都,2
位出,2
论博主,2
嘟好,2
天尊,2
过海,2
感住,2
很刚,2
云山,2
并列,2
近十年,2
固化,2
先送,2
这么回事,2
玩得野,2
雾气,2
第一缕,2
小转,2
七条,2
终极,2
基本功,2
无广子,2
所遇,2
不美观,2
控们,2
乱舞,2
狂风,2
照请,2
岔开,2
爱宅家,2
拍太出,2
松紧度,2
悄悄话,2
先雪,2
春休,2
万兰,2
身心健康,2
事远,2
耗,2
虾米,2
细嫩,2
当归,2
石缝,2
尔木萄,2
韵色,2
肤白,2
天明,2
好几身,2
瞬顺,2
兔系妆容,2
阳气,2
美嘉,2
汐岁,2
谢阳,2
淂,2
后宫,2
抓人,2
藤校,2
弟,2
这味,2
小众感,2
谢子,2
经不起,2
担忧,2
无动于衷,2
幅度,2
开门见山,2
竹马,2
畅爷,2
头油,2
木姜子,2
大运会,2
涯,2
越挫,2
套准,2
东方人,2
华国,2
境内,2
会透,2
扣半裙,2
收袖,2
度快,2
感别,2
十几遍,2
裤上,2
不爱极,2
叙写,2
意向,2
族规,2
越勇,2
野菜,2
女战士,2
连修,2
上秀场,2
祸,2
挡箭牌,2
纨绔,2
伦敦桥,2
收容,2
恐怖,2
阿尔卑斯,2
之位,2
罢无界,2
亲眼所见,2
亚来,2
稳如,2
版手,2
副驾驶,2
感直,2
又行,2
浅谈,2
我们仨,2
耽搁,2
好事成双,2
倒头,2
万龙,2
就近,2
主街,2
鲷鱼,2
甜颂,2
釜,2
规模,2
糅进,2
闹归闹,2
原相機,2
纯甄,2
改名字,2
公公,2
接连,2
兔毛,2
顶显,2
不娘,2
小年夜,2
出大,2
调换,2
玻璃纸,2
前辈,2
才女,2
提藤包,2
碎碎的,2
牵住,2
丢弃,2
忧愁,2
败犬,2
七秒,2
冰窖,2
爱我吗,2
呼兰河,2
事以密成,2
碳酸,2
记忆力,2
半枫,2
夸尊嘟,2
好加分,2
血液,2
胚,2
帽开,2
推薦,2
监视,2
摸了摸,2
地爱上,2
印第安,2
包是,2
红肉,2
热衷,2
排出去,2
水星,2
正月,2
尘民,2
昕,2
开张,2
胖斤,2
好来,2
朝向,2
画眼线,2
埗,2
超萌,2
会阴,2
敲敲,2
蛮实,2
散散心,2
通州,2
静物,2
藏家,2
选星,2
星家纺,2
星家,2
纺青桑深,2
嘴瓢,2
封口,2
破旧,2
搭治好,2
绑起来,2
坚持到底,2
找言言,2
赋蓝归,2
岔路,2
双超,2
地望,2
幸而,2
塞纳,2
分水岭,2
蹿,2
结不,2
人得,2
行穿,2
英美,2
甜欲,2
学名,2
完去,2
首义,2
渐凉,2
款哈,2
人出,2
老得,2
富足,2
做分,2
放得开,2
柔是,2
前几日,2
现存,2
津津有味,2
珍乐福鞋,2
哐加,2
避难所,2
见海,2
衣快,2
铛铛,2
散兵,2
流浪者,2
多多指教,2
酿,2
办公区,2
碎清欢,2
喋喋不休,2
系尽,2
豪言壮语,2
海草,2
正月初一,2
知意,2
正月初三,2
黑海,2
红头,2
过龙年,2
先盘,2
五步,2
未婚妻,2
战歌,2
鹭,2
忘到,2
九霄云外,2
梦见,2
签字笔,2
繁荣,2
武昌,2
湖北,2
黢黑,2
返,2
洛塔,2
码均码,2
款样,2
上样,2
暴言勿信,2
牛马,2
偏大较,2
黄粉,2
棕为,2
试炼,2
鸣神组,2
龙运,2
戴假发,2
常问,2
初版,2
鹿角,2
根付,2
盘串,2
金太阳,2
呛,2
系撞色,2
出国游,2
楼金鹰,2
瞒,2
左看,2
插兜侧,2
谈个,2
技术含量,2
收身,2
咲乱,2
发昏,2
喂猪,2
养升局,2
狂炫,2
咖啡师,2
系下,2
有实,2
遐,2
好几顿,2
致力于,2
意蕴,2
少男,2
主见,2
按部就班,2
库尔勒市,2
阿克苏市,2
打消,2
雨衣,2
塔塔,2
面够,2
徐志摩,2
森马恤,2
反推,2
套套,2
粉彩,2
玹,2
翻斗,2
杀出重围,2
选德龙,2
来話梅,2
遗落,2
蝠桃纹,2
弥新有,2
美斯蒂克,2
正常人,2
理事会,2
正要,2
硬熬,2
特地来,2
风有,2
低山,2
完好,2
羊蝎子,2
没劲儿,2
母系,2
春见,2
专一,2
鼻涕,2
身女,2
没喝,2
灿灿,2
学期,2
月季,2
第一晚,2
放寒假,2
黄水晶,2
三岁,2
五颗星,2
接过,2
如养,2
绝交,2
卷头,2
尺度,2
说到底,2
白跑一趟,2
盖过,2
颜丝,2
生物钟,2
扛过,2
葬,2
大大咧咧,2
负责人,2
摔出,2
哆哆嗦嗦,2
小博主温,2
一现,2
雷里料,2
轮子,2
胖们,2
更广,2
房去,2
型够,2
烧开,2
汤勺,2
变粗,2
以东,2
尊显,2
别花,2
拉杠,2
未停,2
搬快,2
刮掉,2
症哈,2
硬中,2
睡塌,2
料到,2
几部,2
用九图,2
别不信,2
第四个,2
瓜子脸,2
伤眼,2
桑坡油,2
大自,2
就入,2
带水,2
水准,2
绒绒的,2
有运,2
一清二楚,2
绿色蔬菜,2
家散,2
清肝,2
被屈,2
猪笼,2
太扎,2
巨遮腿,2
腰款,2
牢,2
子好,2
半左右,2
形大,2
挨揍,2
远看,2
本裤,2
巨巨好,2
次太好,2
最牛,2
忽略不计,2
过俩,2
韧,2
阿颖,2
包爱买,2
何知,2
河口,2
哭腔,2
广陵,2
一瓢,2
弱水三千,2
换发,2
脚有,2
穿求,2
周未,2
门珑骧珑骧,2
脚热,2
硕果,2
暴雪,2
呔,2
舒太美,2
三四,2
一靴,2
姐只,2
轫,2
会受,2
道菜,2
戴范琦,2
没仅,2
我碎,2
碎念话,2
删除,2
连皮,2
香和鲜,2
汤底,2
胸大胸,2
卡太死,2
多人要,2
别以为,2
葛根粉,2
大舅,2
带回去,2
飞越,2
姛,2
雑,2
选选首,2
这百搭,2
别断,2
天花,2
神宫,2
黄澄澄,2
渊,2
九段,2
完益,2
运动包,2
布拉,2
翘屁,2
金燕耳,2
桎梏,2
夕颜,2
天涯,2
阴暗面,2
破事,2
植,2
伏黛,2
诺诗兰,2
送画,2
十天,2
进退,2
羽田机场,2
找上门来,2
大不大,2
第款,2
两夜,2
常客,2
葡萄柚,2
李姐,2
设是,2
顽强,2
特优,2
蕴,2
爱牙,2
顺和,2
百纳箱,2
望远镜,2
洗碗机,2
大巴,2
华语,2
不远千里,2
拖泥带水,2
好带,2
宿夜,2
美宿,2
最疼,2
压压,1
空罐,1
美味可口,1
闹肚肚,1
五分之一,1
耗时间,1
淘老卷,1
柴柴,1
油里,1
海阔天空,1
很爱奶,1
柔柔顺顺,1
翼翔行,1
头尾,1
十次,1
点旺,1
止住,1
捉弄,1
全蹭,1
堡垒,1
能当,1
探拍,1
看热闹,1
履历,1
分趾,1
热情好客,1
搜鲸,1
有潮,1
白叠,1
外勤,1
一旺,1
倒逼,1
幸事,1
会雄,1
燃尽,1
爱闹,1
单打独斗,1
噱头,1
自为荣,1
恋真,1
卷心菜,1
发腥,1
饿肚子,1
地蓝,1
暖阳下,1
捶胸顿足,1
没响,1
论证,1
小耶,1
闹铃,1
紧锣密鼓,1
掏钱,1
现现,1
先发图,1
背新,1
晨会,1
前阵,1
青桑深,1
能入,1
桉玺,1
完立省,1
蔬菜汤,1
俯卧,1
快度,1
颜就,1
氧尚,1
槿,1
锐减,1
最绝,1
睡好,1
玻珠,1
十斑味,1
又拉满,1
晨雾,1
东阳,1
污浊,1
绿花,1
收一收,1
开将,1
张才,1
怖,1
红温,1
值回,1
小青年,1
更多人,1
逞强,1
泄漏,1
虚焦,1
研所,1
再查,1
茶房,1
竹餃,1
床铺,1
哪般,1
咬牙切齿,1
前途无量,1
无油烟,1
携来,1
招个,1
地盖,1
同方,1
具无,1
收集者,1
不爱笑,1
有舍,1
卡通人物,1
失重,1
风沙,1
最南端,1
双休日,1
念完,1
赠尔,1
载入,1
吊桥,1
拍好照,1
贼拉好,1
边牧,1
恢复元气,1
惬享,1
实行,1
过门,1
小张,1
复仇记,1
引出,1
完饿,1
用鲸探,1
菜场,1
戳穿,1
不堪设想,1
第三项,1
人世,1
画中游,1
充裕,1
长途跋涉,1
单程,1
我京润,1
我收,1
第一季,1
半阴半晴,1
务工,1
强忍,1
没多,1
桉,1
树声,1
似梦,1
分八瓣,1
谐星,1
上秋款,1
旿,1
心仙格,1
肤黎,1
感重,1
第几次,1
记不清,1
哪块,1
需且,1
紫莲,1
要出,1
胡吃海塞,1
没堆,1
后唇,1
包完,1
尊嘟蛮,1
时扎,1
藏肉显,1
暴君,1
感暴,1
大景,1
做定,1
最不舍,1
生之女,1
自拍来,1
第一重,1
安检,1
包来,1
遗言,1
嘿要,1
有定,1
成大号,1
焦和长,1
香熏,1
皮卡粉,1
定焦,1
拆淘到,1
涂料,1
比干发,1
地过,1
七七,1
泻药,1
戒骄戒躁,1
地约个,1
镜好,1
西芹,1
胡萝卜汁,1
猪手,1
扣小,1
经都,1
之法塑,1
新址,1
婉婉有,1
我开,1
葡浦,1
海好,1
太撑,1
横行霸道,1
不懈努力,1
心惊胆战,1
毫升,1
急性子,1
出梦中,1
寻心,1
无从下手,1
天快,1
裤卖,1
取名字,1
有弹,1
流个,1
机秒,1
锻光发,1
里肤黎,1
两相宜,1
选麻,1
挣元,1
屁帘裤,1
发重,1
蔬通,1
如风为,1
疏,1
湿发大,1
花椰菜,1
招上,1
抱子甘蓝,1
下条,1
袭光,1
凉州,1
沿海,1
黄真,1
冇,1
雄高,1
当仁不让,1
显白得,1
更清透,1
汉江,1
每道,1
有袖儿,1
乌布会,1
人咯,1
粉穿,1
小胡子,1
拆件,1
正中,1
光中,1
受挫,1
搭裙,1
可属,1
糯正,1
吵闹,1
至味,1
雌,1
不回,1
忧虑,1
圣猴,1
款上,1
乌布待,1
储备,1
身轻如燕,1
多像,1
忘啦,1
用西,1
苦瓜,1
仰着,1
海带,1
无虞,1
长版,1
敢上去,1
香酥,1
点妆,1
一男,1
普过,1
任地,1
质问,1
气势汹汹,1
甘蔗,1
疼星,1
橡胶树,1
牵绳,1
朋狗们,1
杀伤,1
麦盲,1
河清海晏,1
男孟川,1
脸小有,1
辫扎腻,1
禾苗,1
感不显,1
感更足,1
直通,1
显腰线,1
想二刷,1
用沙宣,1
望一望,1
裙儿,1
屋待,1
风吹雨打,1
班上,1
中富,1
周长,1
天见,1
空心菜,1
抵得住,1
高颧骨,1
坏孩子,1
聘请,1
不离手,1
哭笑不得,1
溅,1
狂喝,1
雄素,1
蒋奇明,1
前试,1
肚子疼,1
心腹,1
小博主雾,1
粉来,1
相惜,1
字条,1
攀升,1
决定权,1
几千年,1
包珑骧,1
观展,1
悖论,1
调研,1
雷哟,1
旱涝保收,1
麦克风,1
牟足,1
上桌,1
马蒙,1
沦落,1
用包,1
色滴,1
可高,1
炒得,1
扑哧,1
话语权,1
寒露,1
尼龙布,1
有白内,1
肯干,1
柔滴,1
清闲,1
裤泰,1
这中,1
感地,1
白冰飘花,1
小圈,1
过份,1
领克快,1
早接触,1
显跨,1
很美腻,1
公示,1
往上拉,1
总写,1
双少,1
人嘛,1
泰御姐,1
图五,1
方且,1
我取,1
蛙趣,1
冒充,1
图发,1
合胃口,1
被淹,1
准论,1
子无领,1
小学老师,1
节操,1
修勾恤,1
弹起,1
呐好,1
回门,1
叫句,1
穿妥,1
妥美,1
不媚,1
露里,1
不勒秋,1
爱尔兰,1
没完,1
算包,1
中系,1
出人头地,1
戴假表,1
捧起,1
拓广,1
获利,1
胖耶,1
莫兰蒂,1
大拇指,1
热红,1
松云扣,1
教学楼,1
空窗,1
更爱下,1
恶意中伤,1
神农架,1
查缺,1
精力旺盛,1
愿人,1
发现错误,1
增厚,1
乱窜,1
配直,1
越来越松,1
枯燥无味,1
黏人,1
运变,1
索要,1
两道,1
挥舞,1
大手笔,1
姐非,1
没丑,1
过颜值,1
裙外,1
耍赖,1
量变,1
煮饭,1
被宠,1
并不大,1
投其所好,1
伸长,1
花给,1
努力做到,1
亚岁,1
饺过,1
惬,1
瞎作,1
好大哇,1
抓瞎,1
锃亮,1
糊墙,1
奶液,1
增加收入,1
水奶界,1
上前,1
调有,1
画得,1
手笔,1
高易,1
进展,1
美嘛,1
凛冽,1
夸滴,1
咯比,1
十五,1
赶车,1
皱巴,1
质变,1
不死心,1
臀坠,1
老王,1
阔别,1
纯澈,1
算计,1
同来品,1
诗漫,1
和畅,1
哎嘿,1
毕业生,1
玩会,1
完劲,1
变美欧,1
慢度,1
全皮,1
有所区别,1
怀爱,1
危料,1
种水,1
高冰,1
美人条,1
场清,1
诚静,1
运输,1
复位,1
对接,1
谈判,1
占地,1
底气十足,1
爆满,1
伊美,1
画成,1
九盒,1
再试一次,1
很闷,1
白亮亮,1
说句,1
习习,1
卖相,1
风日里,1
吹个,1
干敏肤质,1
同一天,1
不太饿,1
圆圆满满,1
瘦蛮,1
见成效,1
能舒温,1
喜该,1
新兴,1
来瓶里,1
黑时,1
整夜,1
弓箭步,1
西梅粉,1
显瘦件,1
用处,1
快布,1
打工族,1
得赠,1
解睡,1
大夜,1
俯身,1
裸妆裸妆,1
屈,1
人民网,1
对腿型,1
仔细观察,1
颈前,1
太废,1
老手,1
天书,1
当男高,1
澡盆,1
有鞋,1
肥来噜,1
阿瞳,1
高不高,1
肿么样,1
显瘦版,1
疯长,1
机拍般,1
景深,1
弧线,1
关键处,1
机上,1
整组,1
超多版,1
衣袂,1
怡然自得,1
随风飞舞,1
肩同,1
腰背,1
未受,1
老干部,1
弯举,1
价差,1
比买,1
防龋,1
蚕宝宝,1
抬腿,1
看套,1
报看,1
臀大,1
包速,1
网状结构,1
选选该,1
复明,1
永保,1
忧,1
昨儿,1
段落,1
说纳豆,1
香囊,1
底价,1
反戴,1
礼金,1
以乱,1
第一根,1
超爱有,1
嫌累,1
吉林大学,1
图给,1
半程,1
黑鹰,1
研一,1
成行,1
后备,1
一晃眼,1
甜份,1
十二生肖,1
经验之谈,1
闷感,1
拍新,1
咯有,1
茶净,1
掉队,1
门边,1
过境,1
色度,1
味超,1
舒客,1
腘,1
硬拉上,1
会蓬,1
周熬,1
凉以,1
柒音,1
引人注目,1
大幕,1
婚庆,1
智多星,1
包再,1
娘儿们,1
无柱,1
整齐划一,1
倾歌,1
认命,1
愿者上钩,1
刑满释放,1
微囊,1
硬生生,1
穿御姐,1
下袄,1
监工,1
铮铮,1
低消,1
总吃,1
泰酥糊,1
美女吧,1
熟女,1
风麻吉新,1
尔裙,1
卧草,1
劲劲,1
妊娠,1
托运,1
味太正,1
风裤,1
打赌,1
分叭,1
布天,1
一点半,1
动机,1
说米,1
叵测,1